fecha_cierre,smmlv,ipc,pib,tasa,var_pct_ipc_1m,var_pct_pib_1m,var_pct_tasa_1m,var_pct_smmlv_1m
31/01/1950,,,,,0.0,0.0,0.0,0.0
28/02/1950,,,,,0.0,0.0,0.0,0.0
31/03/1950,,,,,0.0,0.0,0.0,0.0
30/04/1950,,,,,0.0,0.0,0.0,0.0
31/05/1950,,,,,0.0,0.0,0.0,0.0
30/06/1950,,,,,0.0,0.0,0.0,0.0
31/07/1950,,,,,0.0,0.0,0.0,0.0
31/08/1950,,,,,0.0,0.0,0.0,0.0
30/09/1950,,,,,0.0,0.0,0.0,0.0
31/10/1950,,,,,0.0,0.0,0.0,0.0
30/11/1950,,,,,0.0,0.0,0.0,0.0
31/12/1950,,,,,0.0,0.0,0.0,0.0
31/01/1951,,,,,0.0,0.0,0.0,0.0
28/02/1951,,,,,0.0,0.0,0.0,0.0
31/03/1951,,,,,0.0,0.0,0.0,0.0
30/04/1951,,,,,0.0,0.0,0.0,0.0
31/05/1951,,,,,0.0,0.0,0.0,0.0
30/06/1951,,,,,0.0,0.0,0.0,0.0
31/07/1951,,,,,0.0,0.0,0.0,0.0
31/08/1951,,,,,0.0,0.0,0.0,0.0
30/09/1951,,,,,0.0,0.0,0.0,0.0
31/10/1951,,,,,0.0,0.0,0.0,0.0
30/11/1951,,,,,0.0,0.0,0.0,0.0
31/12/1951,,,,,0.0,0.0,0.0,0.0
31/01/1952,,,,,0.0,0.0,0.0,0.0
29/02/1952,,,,,0.0,0.0,0.0,0.0
31/03/1952,,,,,0.0,0.0,0.0,0.0
30/04/1952,,,,,0.0,0.0,0.0,0.0
31/05/1952,,,,,0.0,0.0,0.0,0.0
30/06/1952,,,,,0.0,0.0,0.0,0.0
31/07/1952,,,,,0.0,0.0,0.0,0.0
31/08/1952,,,,,0.0,0.0,0.0,0.0
30/09/1952,,,,,0.0,0.0,0.0,0.0
31/10/1952,,,,,0.0,0.0,0.0,0.0
30/11/1952,,,,,0.0,0.0,0.0,0.0
31/12/1952,,,,,0.0,0.0,0.0,0.0
31/01/1953,,,,,0.0,0.0,0.0,0.0
28/02/1953,,,,,0.0,0.0,0.0,0.0
31/03/1953,,,,,0.0,0.0,0.0,0.0
30/04/1953,,,,,0.0,0.0,0.0,0.0
31/05/1953,,,,,0.0,0.0,0.0,0.0
30/06/1953,,,,,0.0,0.0,0.0,0.0
31/07/1953,,,,,0.0,0.0,0.0,0.0
31/08/1953,,,,,0.0,0.0,0.0,0.0
30/09/1953,,,,,0.0,0.0,0.0,0.0
31/10/1953,,,,,0.0,0.0,0.0,0.0
30/11/1953,,,,,0.0,0.0,0.0,0.0
31/12/1953,,,,,0.0,0.0,0.0,0.0
31/01/1954,,,,,0.0,0.0,0.0,0.0
28/02/1954,,,,,0.0,0.0,0.0,0.0
31/03/1954,,,,,0.0,0.0,0.0,0.0
30/04/1954,,,,,0.0,0.0,0.0,0.0
31/05/1954,,,,,0.0,0.0,0.0,0.0
30/06/1954,,,,,0.0,0.0,0.0,0.0
31/07/1954,,,,,0.0,0.0,0.0,0.0
31/08/1954,,,,,0.0,0.0,0.0,0.0
30/09/1954,,,,,0.0,0.0,0.0,0.0
31/10/1954,,,,,0.0,0.0,0.0,0.0
30/11/1954,,,,,0.0,0.0,0.0,0.0
31/12/1954,,,,,0.0,0.0,0.0,0.0
31/01/1955,,,,,0.0,0.0,0.0,0.0
28/02/1955,,,,,0.0,0.0,0.0,0.0
31/03/1955,,,,,0.0,0.0,0.0,0.0
30/04/1955,,,,,0.0,0.0,0.0,0.0
31/05/1955,,,,,0.0,0.0,0.0,0.0
30/06/1955,,,,,0.0,0.0,0.0,0.0
31/07/1955,,,,,0.0,0.0,0.0,0.0
31/08/1955,,,,,0.0,0.0,0.0,0.0
30/09/1955,,,,,0.0,0.0,0.0,0.0
31/10/1955,,,,,0.0,0.0,0.0,0.0
30/11/1955,,,,,0.0,0.0,0.0,0.0
31/12/1955,,,,,0.0,0.0,0.0,0.0
31/01/1956,,,,,0.0,0.0,0.0,0.0
29/02/1956,,,,,0.0,0.0,0.0,0.0
31/03/1956,,,,,0.0,0.0,0.0,0.0
30/04/1956,,,,,0.0,0.0,0.0,0.0
31/05/1956,,,,,0.0,0.0,0.0,0.0
30/06/1956,,,,,0.0,0.0,0.0,0.0
31/07/1956,,,,,0.0,0.0,0.0,0.0
31/08/1956,,,,,0.0,0.0,0.0,0.0
30/09/1956,,,,,0.0,0.0,0.0,0.0
31/10/1956,,,,,0.0,0.0,0.0,0.0
30/11/1956,,,,,0.0,0.0,0.0,0.0
31/12/1956,,,,,0.0,0.0,0.0,0.0
31/01/1957,,,,,0.0,0.0,0.0,0.0
28/02/1957,,,,,0.0,0.0,0.0,0.0
31/03/1957,,,,,0.0,0.0,0.0,0.0
30/04/1957,,,,,0.0,0.0,0.0,0.0
31/05/1957,,,,,0.0,0.0,0.0,0.0
30/06/1957,,,,,0.0,0.0,0.0,0.0
31/07/1957,,,,,0.0,0.0,0.0,0.0
31/08/1957,,,,,0.0,0.0,0.0,0.0
30/09/1957,,,,,0.0,0.0,0.0,0.0
31/10/1957,,,,,0.0,0.0,0.0,0.0
30/11/1957,,,,,0.0,0.0,0.0,0.0
31/12/1957,,,,,0.0,0.0,0.0,0.0
31/01/1958,,,,,0.0,0.0,0.0,0.0
28/02/1958,,,,,0.0,0.0,0.0,0.0
31/03/1958,,,,,0.0,0.0,0.0,0.0
30/04/1958,,,,,0.0,0.0,0.0,0.0
31/05/1958,,,,,0.0,0.0,0.0,0.0
30/06/1958,,,,,0.0,0.0,0.0,0.0
31/07/1958,,,,,0.0,0.0,0.0,0.0
31/08/1958,,,,,0.0,0.0,0.0,0.0
30/09/1958,,,,,0.0,0.0,0.0,0.0
31/10/1958,,,,,0.0,0.0,0.0,0.0
30/11/1958,,,,,0.0,0.0,0.0,0.0
31/12/1958,,,,,0.0,0.0,0.0,0.0
31/01/1959,,,,,0.0,0.0,0.0,0.0
28/02/1959,,,,,0.0,0.0,0.0,0.0
31/03/1959,,,,,0.0,0.0,0.0,0.0
30/04/1959,,,,,0.0,0.0,0.0,0.0
31/05/1959,,,,,0.0,0.0,0.0,0.0
30/06/1959,,,,,0.0,0.0,0.0,0.0
31/07/1959,,,,,0.0,0.0,0.0,0.0
31/08/1959,,,,,0.0,0.0,0.0,0.0
30/09/1959,,,,,0.0,0.0,0.0,0.0
31/10/1959,,,,,0.0,0.0,0.0,0.0
30/11/1959,,,,,0.0,0.0,0.0,0.0
31/12/1959,,,,,0.0,0.0,0.0,0.0
31/01/1960,,,,,0.0,0.0,0.0,0.0
29/02/1960,,,,,0.0,0.0,0.0,0.0
31/03/1960,,,,,0.0,0.0,0.0,0.0
30/04/1960,,,,,0.0,0.0,0.0,0.0
31/05/1960,,,,,0.0,0.0,0.0,0.0
30/06/1960,,,,,0.0,0.0,0.0,0.0
31/07/1960,,,,,0.0,0.0,0.0,0.0
31/08/1960,,,,,0.0,0.0,0.0,0.0
30/09/1960,,,,,0.0,0.0,0.0,0.0
31/10/1960,,,,,0.0,0.0,0.0,0.0
30/11/1960,,,,,0.0,0.0,0.0,0.0
31/12/1960,,,,,0.0,0.0,0.0,0.0
31/01/1961,,,,,0.0,0.0,0.0,0.0
28/02/1961,,,,,0.0,0.0,0.0,0.0
31/03/1961,,,,,0.0,0.0,0.0,0.0
30/04/1961,,,,,0.0,0.0,0.0,0.0
31/05/1961,,,,,0.0,0.0,0.0,0.0
30/06/1961,,,,,0.0,0.0,0.0,0.0
31/07/1961,,,,,0.0,0.0,0.0,0.0
31/08/1961,,,,,0.0,0.0,0.0,0.0
30/09/1961,,,,,0.0,0.0,0.0,0.0
31/10/1961,,,,,0.0,0.0,0.0,0.0
30/11/1961,,,,,0.0,0.0,0.0,0.0
31/12/1961,,,,,0.0,0.0,0.0,0.0
31/01/1962,,,,,0.0,0.0,0.0,0.0
28/02/1962,,,,,0.0,0.0,0.0,0.0
31/03/1962,,,,,0.0,0.0,0.0,0.0
30/04/1962,,,,,0.0,0.0,0.0,0.0
31/05/1962,,,,,0.0,0.0,0.0,0.0
30/06/1962,,,,,0.0,0.0,0.0,0.0
31/07/1962,,,,,0.0,0.0,0.0,0.0
31/08/1962,,,,,0.0,0.0,0.0,0.0
30/09/1962,,,,,0.0,0.0,0.0,0.0
31/10/1962,,,,,0.0,0.0,0.0,0.0
30/11/1962,,,,,0.0,0.0,0.0,0.0
31/12/1962,,,,,0.0,0.0,0.0,0.0
31/01/1963,,,,,0.0,0.0,0.0,0.0
28/02/1963,,,,,0.0,0.0,0.0,0.0
31/03/1963,,,,,0.0,0.0,0.0,0.0
30/04/1963,,,,,0.0,0.0,0.0,0.0
31/05/1963,,,,,0.0,0.0,0.0,0.0
30/06/1963,,,,,0.0,0.0,0.0,0.0
31/07/1963,,,,,0.0,0.0,0.0,0.0
31/08/1963,,,,,0.0,0.0,0.0,0.0
30/09/1963,,,,,0.0,0.0,0.0,0.0
31/10/1963,,,,,0.0,0.0,0.0,0.0
30/11/1963,,,,,0.0,0.0,0.0,0.0
31/12/1963,,,,,0.0,0.0,0.0,0.0
31/01/1964,,,,,0.0,0.0,0.0,0.0
29/02/1964,,,,,0.0,0.0,0.0,0.0
31/03/1964,,,,,0.0,0.0,0.0,0.0
30/04/1964,,,,,0.0,0.0,0.0,0.0
31/05/1964,,,,,0.0,0.0,0.0,0.0
30/06/1964,,,,,0.0,0.0,0.0,0.0
31/07/1964,,,,,0.0,0.0,0.0,0.0
31/08/1964,,,,,0.0,0.0,0.0,0.0
30/09/1964,,,,,0.0,0.0,0.0,0.0
31/10/1964,,,,,0.0,0.0,0.0,0.0
30/11/1964,,,,,0.0,0.0,0.0,0.0
31/12/1964,,,,,0.0,0.0,0.0,0.0
31/01/1965,,,,,0.0,0.0,0.0,0.0
28/02/1965,,,,,0.0,0.0,0.0,0.0
31/03/1965,,,,,0.0,0.0,0.0,0.0
30/04/1965,,,,,0.0,0.0,0.0,0.0
31/05/1965,,,,,0.0,0.0,0.0,0.0
30/06/1965,,,,,0.0,0.0,0.0,0.0
31/07/1965,,,,,0.0,0.0,0.0,0.0
31/08/1965,,,,,0.0,0.0,0.0,0.0
30/09/1965,,,,,0.0,0.0,0.0,0.0
31/10/1965,,,,,0.0,0.0,0.0,0.0
30/11/1965,,,,,0.0,0.0,0.0,0.0
31/12/1965,,,,,0.0,0.0,0.0,0.0
31/01/1966,,,,,0.0,0.0,0.0,0.0
28/02/1966,,,,,0.0,0.0,0.0,0.0
31/03/1966,,,,,0.0,0.0,0.0,0.0
30/04/1966,,,,,0.0,0.0,0.0,0.0
31/05/1966,,,,,0.0,0.0,0.0,0.0
30/06/1966,,,,,0.0,0.0,0.0,0.0
31/07/1966,,,,,0.0,0.0,0.0,0.0
31/08/1966,,,,,0.0,0.0,0.0,0.0
30/09/1966,,,,,0.0,0.0,0.0,0.0
31/10/1966,,,,,0.0,0.0,0.0,0.0
30/11/1966,,,,,0.0,0.0,0.0,0.0
31/12/1966,,,,,0.0,0.0,0.0,0.0
31/01/1967,,,,,0.0,0.0,0.0,0.0
28/02/1967,,,,,0.0,0.0,0.0,0.0
31/03/1967,,,,,0.0,0.0,0.0,0.0
30/04/1967,,,,,0.0,0.0,0.0,0.0
31/05/1967,,,,,0.0,0.0,0.0,0.0
30/06/1967,,,,,0.0,0.0,0.0,0.0
31/07/1967,,,,,0.0,0.0,0.0,0.0
31/08/1967,,,,,0.0,0.0,0.0,0.0
30/09/1967,,,,,0.0,0.0,0.0,0.0
31/10/1967,,,,,0.0,0.0,0.0,0.0
30/11/1967,,,,,0.0,0.0,0.0,0.0
31/12/1967,,,,,0.0,0.0,0.0,0.0
31/01/1968,,,,,0.0,0.0,0.0,0.0
29/02/1968,,,,,0.0,0.0,0.0,0.0
31/03/1968,,,,,0.0,0.0,0.0,0.0
30/04/1968,,,,,0.0,0.0,0.0,0.0
31/05/1968,,,,,0.0,0.0,0.0,0.0
30/06/1968,,,,,0.0,0.0,0.0,0.0
31/07/1968,,,,,0.0,0.0,0.0,0.0
31/08/1968,,,,,0.0,0.0,0.0,0.0
30/09/1968,,,,,0.0,0.0,0.0,0.0
31/10/1968,,,,,0.0,0.0,0.0,0.0
30/11/1968,,,,,0.0,0.0,0.0,0.0
31/12/1968,,,,,0.0,0.0,0.0,0.0
31/01/1969,,,,,0.0,0.0,0.0,0.0
28/02/1969,,,,,0.0,0.0,0.0,0.0
31/03/1969,,,,,0.0,0.0,0.0,0.0
30/04/1969,,,,,0.0,0.0,0.0,0.0
31/05/1969,,,,,0.0,0.0,0.0,0.0
30/06/1969,,,,,0.0,0.0,0.0,0.0
31/07/1969,,,,,0.0,0.0,0.0,0.0
31/08/1969,,,,,0.0,0.0,0.0,0.0
30/09/1969,,,,,0.0,0.0,0.0,0.0
31/10/1969,,,,,0.0,0.0,0.0,0.0
30/11/1969,,,,,0.0,0.0,0.0,0.0
31/12/1969,,,,,0.0,0.0,0.0,0.0
31/01/1970,,,,,0.0,0.0,0.0,0.0
28/02/1970,,,,,0.0,0.0,0.0,0.0
31/03/1970,,,,,0.0,0.0,0.0,0.0
30/04/1970,,,,,0.0,0.0,0.0,0.0
31/05/1970,,,,,0.0,0.0,0.0,0.0
30/06/1970,,,,,0.0,0.0,0.0,0.0
31/07/1970,,,,,0.0,0.0,0.0,0.0
31/08/1970,,,,,0.0,0.0,0.0,0.0
30/09/1970,,,,,0.0,0.0,0.0,0.0
31/10/1970,,,,,0.0,0.0,0.0,0.0
30/11/1970,,,,,0.0,0.0,0.0,0.0
31/12/1970,,,,,0.0,0.0,0.0,0.0
31/01/1971,,,,,0.0,0.0,0.0,0.0
28/02/1971,,,,,0.0,0.0,0.0,0.0
31/03/1971,,,,,0.0,0.0,0.0,0.0
30/04/1971,,,,,0.0,0.0,0.0,0.0
31/05/1971,,,,,0.0,0.0,0.0,0.0
30/06/1971,,,,,0.0,0.0,0.0,0.0
31/07/1971,,,,,0.0,0.0,0.0,0.0
31/08/1971,,,,,0.0,0.0,0.0,0.0
30/09/1971,,,,,0.0,0.0,0.0,0.0
31/10/1971,,,,,0.0,0.0,0.0,0.0
30/11/1971,,,,,0.0,0.0,0.0,0.0
31/12/1971,,,,,0.0,0.0,0.0,0.0
31/01/1972,,,,,0.0,0.0,0.0,0.0
29/02/1972,,,,,0.0,0.0,0.0,0.0
31/03/1972,,,,,0.0,0.0,0.0,0.0
30/04/1972,,,,,0.0,0.0,0.0,0.0
31/05/1972,,,,,0.0,0.0,0.0,0.0
30/06/1972,,,,,0.0,0.0,0.0,0.0
31/07/1972,,,,,0.0,0.0,0.0,0.0
31/08/1972,,,,,0.0,0.0,0.0,0.0
30/09/1972,,,,,0.0,0.0,0.0,0.0
31/10/1972,,,,,0.0,0.0,0.0,0.0
30/11/1972,,,,,0.0,0.0,0.0,0.0
31/12/1972,,,,,0.0,0.0,0.0,0.0
31/01/1973,,,,,0.0,0.0,0.0,0.0
28/02/1973,,,,,0.0,0.0,0.0,0.0
31/03/1973,,,,,0.0,0.0,0.0,0.0
30/04/1973,,,,,0.0,0.0,0.0,0.0
31/05/1973,,,,,0.0,0.0,0.0,0.0
30/06/1973,,,,,0.0,0.0,0.0,0.0
31/07/1973,,,,,0.0,0.0,0.0,0.0
31/08/1973,,,,,0.0,0.0,0.0,0.0
30/09/1973,,,,,0.0,0.0,0.0,0.0
31/10/1973,,,,,0.0,0.0,0.0,0.0
30/11/1973,,,,,0.0,0.0,0.0,0.0
31/12/1973,,,,,0.0,0.0,0.0,0.0
31/01/1974,,,,,0.0,0.0,0.0,0.0
28/02/1974,,,,,0.0,0.0,0.0,0.0
31/03/1974,,,,,0.0,0.0,0.0,0.0
30/04/1974,,,,,0.0,0.0,0.0,0.0
31/05/1974,,,,,0.0,0.0,0.0,0.0
30/06/1974,,,,,0.0,0.0,0.0,0.0
31/07/1974,,,,,0.0,0.0,0.0,0.0
31/08/1974,,,,,0.0,0.0,0.0,0.0
30/09/1974,,,,,0.0,0.0,0.0,0.0
31/10/1974,,,,,0.0,0.0,0.0,0.0
30/11/1974,,,,,0.0,0.0,0.0,0.0
31/12/1974,,,,,0.0,0.0,0.0,0.0
31/01/1975,,,,,0.0,0.0,0.0,0.0
28/02/1975,,,,,0.0,0.0,0.0,0.0
31/03/1975,,,,,0.0,0.0,0.0,0.0
30/04/1975,,,,,0.0,0.0,0.0,0.0
31/05/1975,,,,,0.0,0.0,0.0,0.0
30/06/1975,,,,,0.0,0.0,0.0,0.0
31/07/1975,,,,,0.0,0.0,0.0,0.0
31/08/1975,,,,,0.0,0.0,0.0,0.0
30/09/1975,,,,,0.0,0.0,0.0,0.0
31/10/1975,,,,,0.0,0.0,0.0,0.0
30/11/1975,,,,,0.0,0.0,0.0,0.0
31/12/1975,,,,,0.0,0.0,0.0,0.0
31/01/1976,,,,,0.0,0.0,0.0,0.0
29/02/1976,,,,,0.0,0.0,0.0,0.0
31/03/1976,,,,,0.0,0.0,0.0,0.0
30/04/1976,,,,,0.0,0.0,0.0,0.0
31/05/1976,,,,,0.0,0.0,0.0,0.0
30/06/1976,,,,,0.0,0.0,0.0,0.0
31/07/1976,,,,,0.0,0.0,0.0,0.0
31/08/1976,,,,,0.0,0.0,0.0,0.0
30/09/1976,,,,,0.0,0.0,0.0,0.0
31/10/1976,,,,,0.0,0.0,0.0,0.0
30/11/1976,,,,,0.0,0.0,0.0,0.0
31/12/1976,,,,,0.0,0.0,0.0,0.0
31/01/1977,,,,,0.0,0.0,0.0,0.0
28/02/1977,,,,,0.0,0.0,0.0,0.0
31/03/1977,,,,,0.0,0.0,0.0,0.0
30/04/1977,,,,,0.0,0.0,0.0,0.0
31/05/1977,,,,,0.0,0.0,0.0,0.0
30/06/1977,,,,,0.0,0.0,0.0,0.0
31/07/1977,,,,,0.0,0.0,0.0,0.0
31/08/1977,,,,,0.0,0.0,0.0,0.0
30/09/1977,,,,,0.0,0.0,0.0,0.0
31/10/1977,,,,,0.0,0.0,0.0,0.0
30/11/1977,,,,,0.0,0.0,0.0,0.0
31/12/1977,,,,,0.0,0.0,0.0,0.0
31/01/1978,,,,,0.0,0.0,0.0,0.0
28/02/1978,,,,,0.0,0.0,0.0,0.0
31/03/1978,,,,,0.0,0.0,0.0,0.0
30/04/1978,,,,,0.0,0.0,0.0,0.0
31/05/1978,,,,,0.0,0.0,0.0,0.0
30/06/1978,,,,,0.0,0.0,0.0,0.0
31/07/1978,,,,,0.0,0.0,0.0,0.0
31/08/1978,,,,,0.0,0.0,0.0,0.0
30/09/1978,,,,,0.0,0.0,0.0,0.0
31/10/1978,,,,,0.0,0.0,0.0,0.0
30/11/1978,,,,,0.0,0.0,0.0,0.0
31/12/1978,,,,,0.0,0.0,0.0,0.0
31/01/1979,,,,,0.0,0.0,0.0,0.0
28/02/1979,,,,,0.0,0.0,0.0,0.0
31/03/1979,,,,,0.0,0.0,0.0,0.0
30/04/1979,,,,,0.0,0.0,0.0,0.0
31/05/1979,,,,,0.0,0.0,0.0,0.0
30/06/1979,,,,,0.0,0.0,0.0,0.0
31/07/1979,,,,,0.0,0.0,0.0,0.0
31/08/1979,,,,,0.0,0.0,0.0,0.0
30/09/1979,,,,,0.0,0.0,0.0,0.0
31/10/1979,,,,,0.0,0.0,0.0,0.0
30/11/1979,,,,,0.0,0.0,0.0,0.0
31/12/1979,,,,,0.0,0.0,0.0,0.0
31/01/1980,,,,,0.0,0.0,0.0,0.0
29/02/1980,,,,,0.0,0.0,0.0,0.0
31/03/1980,,,,,0.0,0.0,0.0,0.0
30/04/1980,,,,,0.0,0.0,0.0,0.0
31/05/1980,,,,,0.0,0.0,0.0,0.0
30/06/1980,,,,,0.0,0.0,0.0,0.0
31/07/1980,,,,,0.0,0.0,0.0,0.0
31/08/1980,,,,,0.0,0.0,0.0,0.0
30/09/1980,,,,,0.0,0.0,0.0,0.0
31/10/1980,,,,,0.0,0.0,0.0,0.0
30/11/1980,,,,,0.0,0.0,0.0,0.0
31/12/1980,,,,,0.0,0.0,0.0,0.0
31/01/1981,,,,,0.0,0.0,0.0,0.0
28/02/1981,,,,,0.0,0.0,0.0,0.0
31/03/1981,,,,,0.0,0.0,0.0,0.0
30/04/1981,,,,,0.0,0.0,0.0,0.0
31/05/1981,,,,,0.0,0.0,0.0,0.0
30/06/1981,,,,,0.0,0.0,0.0,0.0
31/07/1981,,,,,0.0,0.0,0.0,0.0
31/08/1981,,,,,0.0,0.0,0.0,0.0
30/09/1981,,,,,0.0,0.0,0.0,0.0
31/10/1981,,,,,0.0,0.0,0.0,0.0
30/11/1981,,,,,0.0,0.0,0.0,0.0
31/12/1981,,,,,0.0,0.0,0.0,0.0
31/01/1982,,,,,0.0,0.0,0.0,0.0
28/02/1982,,,,,0.0,0.0,0.0,0.0
31/03/1982,,,,,0.0,0.0,0.0,0.0
30/04/1982,,,,,0.0,0.0,0.0,0.0
31/05/1982,,,,,0.0,0.0,0.0,0.0
30/06/1982,,,,,0.0,0.0,0.0,0.0
31/07/1982,,,,,0.0,0.0,0.0,0.0
31/08/1982,,,,,0.0,0.0,0.0,0.0
30/09/1982,,,,,0.0,0.0,0.0,0.0
31/10/1982,,,,,0.0,0.0,0.0,0.0
30/11/1982,,,,,0.0,0.0,0.0,0.0
31/12/1982,,,,,0.0,0.0,0.0,0.0
31/01/1983,,,,,0.0,0.0,0.0,0.0
28/02/1983,,,,,0.0,0.0,0.0,0.0
31/03/1983,,,,,0.0,0.0,0.0,0.0
30/04/1983,,,,,0.0,0.0,0.0,0.0
31/05/1983,,,,,0.0,0.0,0.0,0.0
30/06/1983,,,,,0.0,0.0,0.0,0.0
31/07/1983,,,,,0.0,0.0,0.0,0.0
31/08/1983,,,,,0.0,0.0,0.0,0.0
30/09/1983,,,,,0.0,0.0,0.0,0.0
31/10/1983,,,,,0.0,0.0,0.0,0.0
30/11/1983,,,,,0.0,0.0,0.0,0.0
31/12/1983,,,,,0.0,0.0,0.0,0.0
31/01/1984,11298.0,,,,0.0,0.0,0.0,0.0
29/02/1984,11298.0,,,,0.0,0.0,0.0,0.0
31/03/1984,11298.0,,,,0.0,0.0,0.0,0.0
30/04/1984,11298.0,,,,0.0,0.0,0.0,0.0
31/05/1984,11298.0,,,,0.0,0.0,0.0,0.0
30/06/1984,11298.0,,,,0.0,0.0,0.0,0.0
31/07/1984,11298.0,,,,0.0,0.0,0.0,0.0
31/08/1984,11298.0,,,,0.0,0.0,0.0,0.0
30/09/1984,11298.0,,,,0.0,0.0,0.0,0.0
31/10/1984,11298.0,,,,0.0,0.0,0.0,0.0
30/11/1984,11298.0,,,,0.0,0.0,0.0,0.0
31/12/1984,11298.0,,,,0.0,0.0,0.0,0.0
31/01/1985,13557.6,,,,0.0,0.0,0.0,19.999999999999996
28/02/1985,13557.6,,,,0.0,0.0,0.0,19.999999999999996
31/03/1985,13557.6,,,,0.0,0.0,0.0,19.999999999999996
30/04/1985,13557.6,,,,0.0,0.0,0.0,19.999999999999996
31/05/1985,13557.6,,,,0.0,0.0,0.0,19.999999999999996
30/06/1985,13557.6,,,,0.0,0.0,0.0,19.999999999999996
31/07/1985,13557.6,,,,0.0,0.0,0.0,19.999999999999996
31/08/1985,13557.6,,,,0.0,0.0,0.0,19.999999999999996
30/09/1985,13557.6,,,,0.0,0.0,0.0,19.999999999999996
31/10/1985,13557.6,,,,0.0,0.0,0.0,19.999999999999996
30/11/1985,13557.6,,,,0.0,0.0,0.0,19.999999999999996
31/12/1985,13557.6,,,,0.0,0.0,0.0,19.999999999999996
31/01/1986,16811.4,,,,0.0,0.0,0.0,23.99982297751815
28/02/1986,16811.4,,,,0.0,0.0,0.0,23.99982297751815
31/03/1986,16811.4,,,,0.0,0.0,0.0,23.99982297751815
30/04/1986,16811.4,,,,0.0,0.0,0.0,23.99982297751815
31/05/1986,16811.4,,,,0.0,0.0,0.0,23.99982297751815
30/06/1986,16811.4,,,,0.0,0.0,0.0,23.99982297751815
31/07/1986,16811.4,,,,0.0,0.0,0.0,23.99982297751815
31/08/1986,16811.4,,,,0.0,0.0,0.0,23.99982297751815
30/09/1986,16811.4,,,,0.0,0.0,0.0,23.99982297751815
31/10/1986,16811.4,,,,0.0,0.0,0.0,23.99982297751815
30/11/1986,16811.4,,,,0.0,0.0,0.0,23.99982297751815
31/12/1986,16811.4,,,,0.0,0.0,0.0,23.99982297751815
31/01/1987,20509.8,,,,0.0,0.0,0.0,21.999357578785816
28/02/1987,20509.8,,,,0.0,0.0,0.0,21.999357578785816
31/03/1987,20509.8,,,,0.0,0.0,0.0,21.999357578785816
30/04/1987,20509.8,,,,0.0,0.0,0.0,21.999357578785816
31/05/1987,20509.8,,,,0.0,0.0,0.0,21.999357578785816
30/06/1987,20509.8,,,,0.0,0.0,0.0,21.999357578785816
31/07/1987,20509.8,,,,0.0,0.0,0.0,21.999357578785816
31/08/1987,20509.8,,,,0.0,0.0,0.0,21.999357578785816
30/09/1987,20509.8,,,,0.0,0.0,0.0,21.999357578785816
31/10/1987,20509.8,,,,0.0,0.0,0.0,21.999357578785816
30/11/1987,20509.8,,,,0.0,0.0,0.0,21.999357578785816
31/12/1987,20509.8,,,,0.0,0.0,0.0,21.999357578785816
31/01/1988,25637.4,,,,0.0,0.0,0.0,25.00073135769243
29/02/1988,25637.4,,,,0.0,0.0,0.0,25.00073135769243
31/03/1988,25637.4,,,,0.0,0.0,0.0,25.00073135769243
30/04/1988,25637.4,,,,0.0,0.0,0.0,25.00073135769243
31/05/1988,25637.4,,,,0.0,0.0,0.0,25.00073135769243
30/06/1988,25637.4,,,,0.0,0.0,0.0,25.00073135769243
31/07/1988,25637.4,,,,0.0,0.0,0.0,25.00073135769243
31/08/1988,25637.4,,,,0.0,0.0,0.0,25.00073135769243
30/09/1988,25637.4,,,,0.0,0.0,0.0,25.00073135769243
31/10/1988,25637.4,,,,0.0,0.0,0.0,25.00073135769243
30/11/1988,25637.4,,,,0.0,0.0,0.0,25.00073135769243
31/12/1988,25637.4,,,,0.0,0.0,0.0,25.00073135769243
31/01/1989,32559.6,,,,0.0,0.0,0.0,27.000397856256853
28/02/1989,32559.6,,,,0.0,0.0,0.0,27.000397856256853
31/03/1989,32559.6,,,,0.0,0.0,0.0,27.000397856256853
30/04/1989,32559.6,,,,0.0,0.0,0.0,27.000397856256853
31/05/1989,32559.6,,,,0.0,0.0,0.0,27.000397856256853
30/06/1989,32559.6,,,,0.0,0.0,0.0,27.000397856256853
31/07/1989,32559.6,,,,0.0,0.0,0.0,27.000397856256853
31/08/1989,32559.6,,,,0.0,0.0,0.0,27.000397856256853
30/09/1989,32559.6,,,,0.0,0.0,0.0,27.000397856256853
31/10/1989,32559.6,,,,0.0,0.0,0.0,27.000397856256853
30/11/1989,32559.6,,,,0.0,0.0,0.0,27.000397856256853
31/12/1989,32559.6,,,,0.0,0.0,0.0,27.000397856256853
31/01/1990,41025.0,,,,0.0,0.0,0.0,25.99970515608301
28/02/1990,41025.0,,,,0.0,0.0,0.0,25.99970515608301
31/03/1990,41025.0,,,,0.0,0.0,0.0,25.99970515608301
30/04/1990,41025.0,,,,0.0,0.0,0.0,25.99970515608301
31/05/1990,41025.0,,,,0.0,0.0,0.0,25.99970515608301
30/06/1990,41025.0,,,,0.0,0.0,0.0,25.99970515608301
31/07/1990,41025.0,,,,0.0,0.0,0.0,25.99970515608301
31/08/1990,41025.0,,,,0.0,0.0,0.0,25.99970515608301
30/09/1990,41025.0,,,,0.0,0.0,0.0,25.99970515608301
31/10/1990,41025.0,,,,0.0,0.0,0.0,25.99970515608301
30/11/1990,41025.0,,,,0.0,0.0,0.0,25.99970515608301
31/12/1990,41025.0,,,,0.0,0.0,0.0,25.99970515608301
31/01/1991,51720.0,,,,0.0,0.0,0.0,26.069469835466187
28/02/1991,51720.0,,,,0.0,0.0,0.0,26.069469835466187
31/03/1991,51720.0,,,,0.0,0.0,0.0,26.069469835466187
30/04/1991,51720.0,,,,0.0,0.0,0.0,26.069469835466187
31/05/1991,51720.0,,,,0.0,0.0,0.0,26.069469835466187
30/06/1991,51720.0,,,,0.0,0.0,0.0,26.069469835466187
31/07/1991,51720.0,,,,0.0,0.0,0.0,26.069469835466187
31/08/1991,51720.0,,,,0.0,0.0,0.0,26.069469835466187
30/09/1991,51720.0,,,,0.0,0.0,0.0,26.069469835466187
31/10/1991,51720.0,,,,0.0,0.0,0.0,26.069469835466187
30/11/1991,51720.0,,,,0.0,0.0,0.0,26.069469835466187
31/12/1991,51720.0,,,,0.0,0.0,0.0,26.069469835466187
31/01/1992,65190.0,,,,0.0,0.0,0.0,26.044083526682126
29/02/1992,65190.0,,,,0.0,0.0,0.0,26.044083526682126
31/03/1992,65190.0,,,,0.0,0.0,0.0,26.044083526682126
30/04/1992,65190.0,,,,0.0,0.0,0.0,26.044083526682126
31/05/1992,65190.0,,,,0.0,0.0,0.0,26.044083526682126
30/06/1992,65190.0,,,,0.0,0.0,0.0,26.044083526682126
31/07/1992,65190.0,,,,0.0,0.0,0.0,26.044083526682126
31/08/1992,65190.0,,,,0.0,0.0,0.0,26.044083526682126
30/09/1992,65190.0,,,,0.0,0.0,0.0,26.044083526682126
31/10/1992,65190.0,,,,0.0,0.0,0.0,26.044083526682126
30/11/1992,65190.0,,,,0.0,0.0,0.0,26.044083526682126
31/12/1992,65190.0,,,,0.0,0.0,0.0,26.044083526682126
31/01/1993,81510.0,,,,0.0,0.0,0.0,25.034514496088356
28/02/1993,81510.0,,,,0.0,0.0,0.0,25.034514496088356
31/03/1993,81510.0,,,,0.0,0.0,0.0,25.034514496088356
30/04/1993,81510.0,,,,0.0,0.0,0.0,25.034514496088356
31/05/1993,81510.0,,,,0.0,0.0,0.0,25.034514496088356
30/06/1993,81510.0,,,,0.0,0.0,0.0,25.034514496088356
31/07/1993,81510.0,,,,0.0,0.0,0.0,25.034514496088356
31/08/1993,81510.0,,,,0.0,0.0,0.0,25.034514496088356
30/09/1993,81510.0,,,,0.0,0.0,0.0,25.034514496088356
31/10/1993,81510.0,,,,0.0,0.0,0.0,25.034514496088356
30/11/1993,81510.0,,,,0.0,0.0,0.0,25.034514496088356
31/12/1993,81510.0,,,,0.0,0.0,0.0,25.034514496088356
31/01/1994,98700.0,,,,0.0,0.0,0.0,21.08943687891056
28/02/1994,98700.0,,,,0.0,0.0,0.0,21.08943687891056
31/03/1994,98700.0,,,,0.0,0.0,0.0,21.08943687891056
30/04/1994,98700.0,,,,0.0,0.0,0.0,21.08943687891056
31/05/1994,98700.0,,,,0.0,0.0,0.0,21.08943687891056
30/06/1994,98700.0,,,,0.0,0.0,0.0,21.08943687891056
31/07/1994,98700.0,,,,0.0,0.0,0.0,21.08943687891056
31/08/1994,98700.0,,,,0.0,0.0,0.0,21.08943687891056
30/09/1994,98700.0,,,,0.0,0.0,0.0,21.08943687891056
31/10/1994,98700.0,,,,0.0,0.0,0.0,21.08943687891056
30/11/1994,98700.0,,,,0.0,0.0,0.0,21.08943687891056
31/12/1994,98700.0,,,,0.0,0.0,0.0,21.08943687891056
31/01/1995,118934.0,,,,0.0,0.0,0.0,20.500506585612975
28/02/1995,118934.0,,,,0.0,0.0,0.0,20.500506585612975
31/03/1995,118934.0,,,,0.0,0.0,0.0,20.500506585612975
30/04/1995,118934.0,,,,0.0,0.0,0.0,20.500506585612975
31/05/1995,118934.0,,,,0.0,0.0,0.0,20.500506585612975
30/06/1995,118934.0,,,,0.0,0.0,0.0,20.500506585612975
31/07/1995,118934.0,,,,0.0,0.0,0.0,20.500506585612975
31/08/1995,118934.0,,,,0.0,0.0,0.0,20.500506585612975
30/09/1995,118934.0,,,,0.0,0.0,0.0,20.500506585612975
31/10/1995,118934.0,,,,0.0,0.0,0.0,20.500506585612975
30/11/1995,118934.0,,,,0.0,0.0,0.0,20.500506585612975
31/12/1995,118934.0,,,,0.0,0.0,0.0,20.500506585612975
31/01/1996,142125.0,,,,0.0,0.0,0.0,19.49904989321809
29/02/1996,142125.0,,,,0.0,0.0,0.0,19.49904989321809
31/03/1996,142125.0,,,,0.0,0.0,0.0,19.49904989321809
30/04/1996,142125.0,,,,0.0,0.0,0.0,19.49904989321809
31/05/1996,142125.0,,,,0.0,0.0,0.0,19.49904989321809
30/06/1996,142125.0,,,,0.0,0.0,0.0,19.49904989321809
31/07/1996,142125.0,,,,0.0,0.0,0.0,19.49904989321809
31/08/1996,142125.0,,,,0.0,0.0,0.0,19.49904989321809
30/09/1996,142125.0,,,,0.0,0.0,0.0,19.49904989321809
31/10/1996,142125.0,,,,0.0,0.0,0.0,19.49904989321809
30/11/1996,142125.0,,,,0.0,0.0,0.0,19.49904989321809
31/12/1996,142125.0,,,,0.0,0.0,0.0,19.49904989321809
31/01/1997,172005.0,,,,0.0,0.0,0.0,21.023746701846967
28/02/1997,172005.0,,,,0.0,0.0,0.0,21.023746701846967
31/03/1997,172005.0,,,,0.0,0.0,0.0,21.023746701846967
30/04/1997,172005.0,,,,0.0,0.0,0.0,21.023746701846967
31/05/1997,172005.0,,,,0.0,0.0,0.0,21.023746701846967
30/06/1997,172005.0,,,,0.0,0.0,0.0,21.023746701846967
31/07/1997,172005.0,,,,0.0,0.0,0.0,21.023746701846967
31/08/1997,172005.0,,,,0.0,0.0,0.0,21.023746701846967
30/09/1997,172005.0,,,,0.0,0.0,0.0,21.023746701846967
31/10/1997,172005.0,,,,0.0,0.0,0.0,21.023746701846967
30/11/1997,172005.0,,,,0.0,0.0,0.0,21.023746701846967
31/12/1997,172005.0,,,,0.0,0.0,0.0,21.023746701846967
31/01/1998,203826.0,,,,0.0,0.0,0.0,18.50004360338362
28/02/1998,203826.0,,,,0.0,0.0,0.0,18.50004360338362
31/03/1998,203826.0,,,42.24,0.0,0.0,0.0,18.50004360338362
30/04/1998,203826.0,,,44.08,0.0,0.0,4.356060606060597,18.50004360338362
31/05/1998,203826.0,,,45.32,0.0,0.0,2.8130671506352067,18.50004360338362
30/06/1998,203826.0,,,48.41,0.0,0.0,6.818181818181812,18.50004360338362
31/07/1998,203826.0,,,51.57,0.0,0.0,6.527576946911795,18.50004360338362
31/08/1998,203826.0,,,50.49,0.0,0.0,-2.0942408376963373,18.50004360338362
30/09/1998,203826.0,,,51.14,0.0,0.0,1.287383640324813,18.50004360338362
31/10/1998,203826.0,,,52.01,0.0,0.0,1.7012123582323069,18.50004360338362
30/11/1998,203826.0,,,52.31,0.0,0.0,0.5768121515093316,18.50004360338362
31/12/1998,203826.0,,,51.64,0.0,0.0,-1.280825845918565,18.50004360338362
31/01/1999,236460.0,16.47,,51.36,0.0,0.0,-0.5422153369481042,16.01071502163609
28/02/1999,236460.0,15.35,,49.57,-6.80024286581663,0.0,-3.4852024922118363,16.01071502163609
31/03/1999,236460.0,13.92,,47.22,-9.315960912052113,0.0,-4.740770627395607,16.01071502163609
30/04/1999,236460.0,12.98,,44.5,-6.752873563218387,0.0,-5.760271071579837,16.01071502163609
31/05/1999,236460.0,12.12,,41.03,-6.625577812018502,0.0,-7.797752808988756,16.01071502163609
30/06/1999,236460.0,11.46,,38.27,-5.445544554455428,0.0,-6.726785279064096,16.01071502163609
31/07/1999,236460.0,10.69,,35.59,-6.719022687609089,0.0,-7.00287431408414,16.01071502163609
31/08/1999,236460.0,10.38,,36.97,-2.8999064546304854,0.0,3.877493677999433,16.01071502163609
30/09/1999,236460.0,9.64,,36.86,-7.129094412331405,0.0,-0.2975385447660295,16.01071502163609
31/10/1999,236460.0,9.13,,36.58,-5.290456431535262,0.0,-0.7596310363537695,16.01071502163609
30/11/1999,236460.0,8.98,,35.15,-1.6429353778751432,0.0,-3.9092400218698753,16.01071502163609
31/12/1999,236460.0,8.45,,32.81,-5.902004454343002,0.0,-6.657183499288754,16.01071502163609
31/01/2000,260100.0,7.52,,30.58,-11.005917159763312,0.0,-6.796708320633959,9.997462572951022
29/02/2000,260100.0,7.43,,25.01,-1.196808510638292,0.0,-18.21451929365597,9.997462572951022
31/03/2000,260100.0,7.67,,25.15,3.2301480484522305,0.0,0.5597760895641679,9.997462572951022
30/04/2000,260100.0,7.4,,25.24,-3.520208604954367,0.0,0.3578528827037797,9.997462572951022
31/05/2000,260100.0,7.66,,25.65,3.5135135135135,0.0,1.6244057052297922,9.997462572951022
30/06/2000,260100.0,7.76,,26.92,1.305483028720622,0.0,4.9512670565302175,9.997462572951022
31/07/2000,260100.0,7.93,,27.76,2.1907216494845283,0.0,3.1203566121842385,9.997462572951022
31/08/2000,260100.0,7.75,,28.67,-2.2698612862547263,0.0,3.2780979827089274,9.997462572951022
30/09/2000,260100.0,7.93,,30.9,2.3225806451612874,0.0,7.778165329612818,9.997462572951022
31/10/2000,260100.0,7.68,,32.46,-3.1525851197982346,0.0,5.048543689320395,9.997462572951022
30/11/2000,260100.0,7.67,,33.39,-0.13020833333332593,0.0,2.865064695009245,9.997462572951022
31/12/2000,260100.0,7.93,,33.46,3.3898305084745672,0.0,0.20964360587001352,9.997462572951022
31/01/2001,286000.0,7.67,,34.42,-3.2786885245901565,0.0,2.869097429766887,9.957708573625524
28/02/2001,286000.0,7.34,,34.89,-4.30247718383312,0.0,1.3654851830331216,9.957708573625524
31/03/2001,286000.0,7.37,,35.11,0.4087193460490468,0.0,0.6305531670965925,9.957708573625524
30/04/2001,286000.0,8.02,,34.98,8.819538670284931,0.0,-0.3702648818000642,9.957708573625524
31/05/2001,286000.0,8.04,,33.85,0.24937655860348684,0.0,-3.2304173813607617,9.957708573625524
30/06/2001,286000.0,7.96,,33.91,-0.995024875621886,0.0,0.17725258493350715,9.957708573625524
31/07/2001,286000.0,7.87,,34.56,-1.1306532663316604,0.0,1.9168386906517343,9.957708573625524
31/08/2001,286000.0,7.78,,33.31,-1.143583227445999,0.0,-3.616898148148151,9.957708573625524
30/09/2001,286000.0,7.74,,32.25,-0.5141388174807249,0.0,-3.182227559291506,9.957708573625524
31/10/2001,286000.0,7.73,,32.29,-0.12919896640826156,0.0,0.12403100775193465,9.957708573625524
30/11/2001,286000.0,7.47,,31.91,-3.363518758085393,0.0,-1.1768349334159156,9.957708573625524
31/12/2001,286000.0,7.26,,31.32,-2.8112449799196804,0.0,-1.8489501723597646,9.957708573625524
31/01/2002,309000.0,7.23,,31.84,-0.4132231404958553,0.0,1.6602809706258048,8.041958041958042
28/02/2002,309000.0,7.01,,30.87,-3.042876901798075,0.0,-3.046482412060303,8.041958041958042
31/03/2002,309000.0,6.34,,29.41,-9.557774607703283,0.0,-4.729510851959839,8.041958041958042
30/04/2002,309000.0,5.7,,29.06,-10.094637223974756,0.0,-1.1900714042842653,8.041958041958042
31/05/2002,309000.0,5.51,,28.17,-3.3333333333333437,0.0,-3.0626290433585557,8.041958041958042
30/06/2002,309000.0,5.48,,27.9,-0.5444646098003547,0.0,-0.9584664536741339,8.041958041958042
31/07/2002,309000.0,5.35,,27.7,-2.3722627737226443,0.0,-0.7168458781361964,8.041958041958042
31/08/2002,309000.0,5.27,,27.48,-1.4953271028037451,0.0,-0.7942238267148016,8.041958041958042
30/09/2002,309000.0,5.1,,27.47,-3.2258064516129004,0.0,-0.03639010189229186,8.041958041958042
31/10/2002,309000.0,5.24,,27.24,2.7450980392156987,0.0,-0.837277029486716,8.041958041958042
30/11/2002,309000.0,5.64,,27.24,7.6335877862595325,0.0,-0.837277029486716,8.041958041958042
31/12/2002,309000.0,5.68,,27.0,0.7092198581560183,0.0,-0.8810572687224627,8.041958041958042
31/01/2003,332000.0,6.09,,27.23,7.2183098591549255,0.0,0.8518518518518592,7.4433656957928696
28/02/2003,332000.0,6.1,,27.46,0.16420361247946325,0.0,0.8446566287183321,7.4433656957928696
31/03/2003,332000.0,6.25,,27.17,2.459016393442637,0.0,-1.056081573197376,7.4433656957928696
30/04/2003,332000.0,6.29,,27.19,0.6399999999999961,0.0,0.07361059992638808,7.4433656957928696
31/05/2003,332000.0,6.33,,27.23,0.6359300476947549,0.0,0.14711290915776498,7.4433656957928696
30/06/2003,332000.0,6.42,,26.63,1.4218009478673022,0.0,-2.203452074917378,7.4433656957928696
31/07/2003,332000.0,6.37,,26.72,-0.7788161993769416,0.0,0.3379647014645215,7.4433656957928696
31/08/2003,332000.0,6.66,,27.01,4.552590266875978,0.0,1.085329341317376,7.4433656957928696
30/09/2003,332000.0,6.9,,27.11,3.603603603603611,0.0,0.3702332469455616,7.4433656957928696
31/10/2003,332000.0,6.81,,27.18,-1.3043478260869712,0.0,0.25820730357801747,7.4433656957928696
30/11/2003,332000.0,6.51,,26.97,-4.405286343612335,0.0,-0.7726269315673329,7.4433656957928696
31/12/2003,332000.0,6.53,,26.73,0.3072196620583778,0.0,-0.8898776418242438,7.4433656957928696
31/01/2004,358000.0,6.16,,26.75,-5.6661562021439575,0.0,0.07482229704451893,7.831325301204828
29/02/2004,358000.0,5.93,,26.76,-3.7337662337662447,0.0,0.037383177570093906,7.831325301204828
31/03/2004,358000.0,5.83,,26.7,-1.6863406408094361,0.0,-0.22421524663678305,7.831325301204828
30/04/2004,358000.0,5.59,,26.54,-4.116638078902235,0.0,-0.5992509363295873,7.831325301204828
31/05/2004,358000.0,5.51,,26.25,-1.4311270125223596,0.0,-1.0926902788244153,7.831325301204828
30/06/2004,358000.0,5.65,,26.04,2.5408348457350405,0.0,-0.8000000000000007,7.831325301204828
31/07/2004,358000.0,5.86,,25.96,3.7168141592920367,0.0,-0.3072196620583667,7.831325301204828
31/08/2004,358000.0,5.67,,25.65,-3.242320819112632,0.0,-1.1941448382126407,7.831325301204828
30/09/2004,358000.0,5.52,,25.58,-2.645502645502651,0.0,-0.27290448343080254,7.831325301204828
31/10/2004,358000.0,5.39,,25.24,-2.3550724637681153,0.0,-1.3291634089132143,7.831325301204828
30/11/2004,358000.0,5.39,,25.64,-2.3550724637681153,0.0,1.5847860538827252,7.831325301204828
31/12/2004,358000.0,5.46,,24.93,1.2987012987013102,0.0,-2.7691107644305823,7.831325301204828
31/01/2005,381500.0,5.46,81365.11,25.4,1.2987012987013102,0.0,1.885278780585642,6.564245810055858
28/02/2005,381500.0,5.41,81365.11,25.38,-0.9157509157509125,0.0,-0.07874015748031704,6.564245810055858
31/03/2005,381500.0,5.15,81365.11,24.92,-4.805914972273562,0.0,-1.812450748620953,6.564245810055858
30/04/2005,381500.0,4.93,84193.31,24.84,-4.271844660194191,3.4759370447603466,-0.32102728731943087,6.564245810055858
31/05/2005,381500.0,4.84,84193.31,24.63,-1.8255578093306246,3.4759370447603466,-0.8454106280193274,6.564245810055858
30/06/2005,381500.0,4.6,84193.31,24.28,-4.958677685950419,3.4759370447603466,-1.4210312626877664,6.564245810055858
31/07/2005,381500.0,4.45,85000.64,24.01,-3.2608695652173836,0.9589004161969727,-1.1120263591433255,6.564245810055858
31/08/2005,381500.0,4.26,85000.64,23.79,-4.269662921348328,0.9589004161969727,-0.9162848812994673,6.564245810055858
30/09/2005,381500.0,4.25,85000.64,23.55,-0.23474178403755097,0.9589004161969727,-1.0088272383354302,6.564245810055858
31/10/2005,381500.0,4.2,87407.8,23.22,-1.17647058823529,2.831931618397232,-1.4012738853503293,6.564245810055858
30/11/2005,381500.0,4.11,87407.8,23.19,-2.1428571428571352,2.831931618397232,-0.12919896640826156,6.564245810055858
31/12/2005,381500.0,3.87,87407.8,22.65,-5.839416058394164,2.831931618397232,-2.3285899094437346,6.564245810055858
31/01/2006,408000.0,3.53,90065.27,22.68,-8.785529715762285,3.0403121918181286,0.13245033112583293,6.946264744429875
28/02/2006,408000.0,3.37,90065.27,22.55,-4.532577903682711,3.0403121918181286,-0.5731922398588996,6.946264744429875
31/03/2006,408000.0,3.39,90065.27,22.25,0.5934718100890191,3.0403121918181286,-1.3303769401330379,6.946264744429875
30/04/2006,408000.0,3.4,93481.5,21.14,0.2949852507374562,3.7930602994916907,-4.988764044943816,6.946264744429875
31/05/2006,408000.0,3.38,93481.5,20.51,-0.588235294117645,3.7930602994916907,-2.980132450331119,6.946264744429875
30/06/2006,408000.0,3.42,93481.5,20.07,1.183431952662728,3.7930602994916907,-2.1452949780594865,6.946264744429875
31/07/2006,408000.0,3.6,97670.92,19.61,5.263157894736836,4.481549825366504,-2.291978076731449,6.946264744429875
31/08/2006,408000.0,3.88,97670.92,19.37,7.777777777777772,4.481549825366504,-1.2238653748087636,6.946264744429875
30/09/2006,408000.0,3.93,97670.92,19.38,1.2886597938144506,4.481549825366504,0.05162622612286949,6.946264744429875
31/10/2006,408000.0,4.0,100386.32,19.72,1.781170483460559,2.7801519633479543,1.7543859649122862,6.946264744429875
30/11/2006,408000.0,4.25,100386.32,19.7,6.25,2.7801519633479543,-0.10141987829613841,6.946264744429875
31/12/2006,408000.0,4.46,100386.32,19.57,4.941176470588227,2.7801519633479543,-0.6598984771573502,6.946264744429875
31/01/2007,433700.0,4.8,103624.5,19.16,7.623318385650224,3.225718404659106,-2.0950434338272927,6.299019607843137
28/02/2007,433700.0,5.07,103624.5,19.02,5.625000000000013,3.225718404659106,-0.7306889352818424,6.299019607843137
31/03/2007,433700.0,5.3,103624.5,18.52,4.536489151873768,3.225718404659106,-2.628811777076756,6.299019607843137
30/04/2007,433700.0,5.93,104599.44,19.55,11.886792452830196,0.9408392802860321,5.561555075593949,6.299019607843137
31/05/2007,433700.0,6.19,104599.44,21.19,4.384485666104565,0.9408392802860321,8.388746803069047,6.299019607843137
30/06/2007,433700.0,6.2,104599.44,21.85,0.1615508885298933,0.9408392802860321,3.11467673430863,6.299019607843137
31/07/2007,433700.0,6.12,108325.82,23.47,-1.2903225806451646,3.562523852900168,7.4141876430205755,6.299019607843137
31/08/2007,433700.0,6.05,108325.82,23.97,-1.1437908496732097,3.562523852900168,2.1303792074989447,6.299019607843137
30/09/2007,433700.0,5.92,108325.82,24.34,-2.148760330578514,3.562523852900168,1.5435961618690097,6.299019607843137
31/10/2007,433700.0,5.9,111956.23,25.38,-0.33783783783782884,3.3513801234091645,4.272801972062434,6.299019607843137
30/11/2007,433700.0,5.98,111956.23,25.8,1.3559322033898313,3.3513801234091645,1.654846335697413,6.299019607843137
31/12/2007,433700.0,5.95,111956.23,25.21,-0.5016722408026753,3.3513801234091645,-2.286821705426356,6.299019607843137
31/01/2008,461500.0,5.92,115330.14,25.81,-0.5042016806722782,3.013597367471199,2.3800079333597735,6.409960802397974
29/02/2008,461500.0,6.0,115330.14,26.2,1.3513513513513598,3.013597367471199,1.5110422316931382,6.409960802397974
31/03/2008,461500.0,5.95,115330.14,25.98,-0.8333333333333304,3.013597367471199,-0.8396946564885432,6.409960802397974
30/04/2008,461500.0,5.63,117086.7,25.93,-5.378151260504205,1.5230710723146634,-0.19245573518090753,6.409960802397974
31/05/2008,461500.0,5.33,117086.7,24.99,-5.328596802841911,1.5230710723146634,-3.6251446201311266,6.409960802397974
30/06/2008,461500.0,5.27,117086.7,25.93,-1.1257035647279645,1.5230710723146634,3.7615046018407483,6.409960802397974
31/07/2008,461500.0,5.33,122254.74,25.75,1.1385199240986799,4.413857423601497,-0.6941766293868112,6.409960802397974
31/08/2008,461500.0,5.29,122254.74,25.64,-0.7504690431519689,4.413857423601497,-0.4271844660194146,6.409960802397974
30/09/2008,461500.0,5.46,122254.74,25.82,3.2136105860113506,4.413857423601497,0.7020280811232515,6.409960802397974
31/10/2008,461500.0,5.8,121882.42,25.54,6.227106227106227,-0.30454442911580504,-1.0844306738962084,6.409960802397974
30/11/2008,461500.0,5.71,121882.42,25.68,-1.551724137931032,-0.30454442911580504,0.5481597494126911,6.409960802397974
31/12/2008,461500.0,5.62,121882.42,25.59,-1.5761821366024442,-0.30454442911580504,-0.3504672897196248,6.409960802397974
31/01/2009,496900.0,5.49,121388.28,25.7,-2.313167259786475,-0.40542352211253574,0.4298554122704079,7.670639219935005
28/02/2009,496900.0,5.37,121388.28,25.53,-2.1857923497267784,-0.40542352211253574,-0.6614785992217875,7.670639219935005
31/03/2009,496900.0,5.15,121388.28,25.33,-4.096834264432026,-0.40542352211253574,-0.7833920877399203,7.670639219935005
30/04/2009,496900.0,4.91,124112.11,24.73,-4.660194174757281,2.2438986696244445,-2.368732727990519,7.670639219935005
31/05/2009,496900.0,4.95,124112.11,24.32,0.8146639511201537,2.2438986696244445,-1.657905378083302,7.670639219935005
30/06/2009,496900.0,4.94,124112.11,23.64,-0.20202020202019222,2.2438986696244445,-2.796052631578949,7.670639219935005
31/07/2009,496900.0,4.76,127125.3,22.79,-3.6437246963562875,2.427796932950388,-3.5956006768189552,7.670639219935005
31/08/2009,496900.0,4.7,127125.3,22.3,-1.2605042016806678,2.427796932950388,-2.1500658183413734,7.670639219935005
30/09/2009,496900.0,4.44,127125.3,21.94,-5.531914893617018,2.427796932950388,-1.6143497757847514,7.670639219935005
31/10/2009,496900.0,4.03,128948.31,21.06,-9.23423423423424,1.4340261143926503,-4.010938924339113,7.670639219935005
30/11/2009,496900.0,3.76,128948.31,20.81,-6.699751861042191,1.4340261143926503,-1.1870845204178582,7.670639219935005
31/12/2009,496900.0,3.57,128948.31,20.43,-5.053191489361697,1.4340261143926503,-1.8260451705910619,7.670639219935005
31/01/2010,515000.0,3.64,131806.09,20.04,1.9607843137255054,2.216221368081528,-1.9089574155653488,3.642584020929762
28/02/2010,515000.0,3.32,131806.09,19.77,-8.791208791208794,2.216221368081528,-1.3473053892215536,3.642584020929762
31/03/2010,515000.0,3.0,131806.09,19.31,-9.638554216867467,2.216221368081528,-2.326757713707639,3.642584020929762
30/04/2010,515000.0,2.87,134550.07,18.63,-4.333333333333334,2.081830968508358,-3.5214914552045506,3.642584020929762
31/05/2010,515000.0,2.78,134550.07,18.3,-3.135888501742168,2.081830968508358,-1.7713365539452353,3.642584020929762
30/06/2010,515000.0,2.75,134550.07,18.2,-1.0791366906474753,2.081830968508358,-0.5464480874317057,3.642584020929762
31/07/2010,515000.0,2.63,136567.62,17.89,-4.3636363636363695,1.4994789671978426,-1.7032967032966972,3.642584020929762
31/08/2010,515000.0,2.59,136567.62,17.57,-1.520912547528519,1.4994789671978426,-1.7887087758524323,3.642584020929762
30/09/2010,515000.0,2.56,136567.62,17.54,-1.158301158301156,1.4994789671978426,-0.17074558907228532,3.642584020929762
31/10/2010,515000.0,2.6,141136.22,16.92,1.5625,3.345302495569591,-3.5347776510832207,3.642584020929762
30/11/2010,515000.0,2.59,141136.22,16.79,-0.38461538461539435,3.345302495569591,-0.768321513002379,3.642584020929762
31/12/2010,515000.0,2.69,141136.22,16.85,3.8610038610038755,3.345302495569591,0.3573555687909513,3.642584020929762
31/01/2011,535600.0,2.7,148086.17,17.5,0.3717472118959231,4.924285204747592,3.857566765578624,4.0000000000000036
28/02/2011,535600.0,2.63,148086.17,17.53,-2.592592592592602,4.924285204747592,0.17142857142857792,4.0000000000000036
31/03/2011,535600.0,2.68,148086.17,17.59,1.9011406844106515,4.924285204747592,0.3422703936109439,4.0000000000000036
30/04/2011,535600.0,2.6,152693.05,17.49,-2.985074626865669,3.110945471815474,-0.5685048322910835,4.0000000000000036
31/05/2011,535600.0,2.6,152693.05,17.82,-2.985074626865669,3.110945471815474,1.8867924528302105,4.0000000000000036
30/06/2011,535600.0,2.59,152693.05,18.2,-0.38461538461539435,3.110945471815474,2.1324354657688005,4.0000000000000036
31/07/2011,535600.0,2.73,156570.43,18.4,5.405405405405417,2.539329720638883,1.098901098901095,4.0000000000000036
31/08/2011,535600.0,2.8,156570.43,18.67,2.564102564102555,2.539329720638883,1.4673913043478537,4.0000000000000036
30/09/2011,535600.0,3.12,156570.43,18.56,11.428571428571432,2.539329720638883,-0.5891805034815345,4.0000000000000036
31/10/2011,535600.0,3.26,161673.35,18.42,4.487179487179471,3.2591850198022687,-0.754310344827569,4.0000000000000036
30/11/2011,535600.0,3.34,161673.35,18.33,2.4539877300613577,3.2591850198022687,-0.4885993485342244,4.0000000000000036
31/12/2011,535600.0,3.54,161673.35,18.97,5.988023952095811,3.2591850198022687,3.4915439170758455,4.0000000000000036
31/01/2012,566700.0,3.51,164558.25,20.41,-0.8474576271186529,1.7844004593212226,7.590933052187676,5.8065720687079825
29/02/2012,566700.0,3.57,164558.25,19.39,1.7094017094017033,1.7844004593212226,-4.997550220480152,5.8065720687079825
31/03/2012,566700.0,3.51,164558.25,19.28,-1.6806722689075682,1.7844004593212226,-0.5673027333677139,5.8065720687079825
30/04/2012,566700.0,3.46,166213.7,19.57,-1.4245014245014231,1.0059963569131414,1.5041493775933557,5.8065720687079825
31/05/2012,566700.0,3.54,166213.7,19.33,2.3121387283236983,1.0059963569131414,-1.2263668880940326,5.8065720687079825
30/06/2012,566700.0,3.49,166213.7,19.09,-1.412429378531066,1.0059963569131414,-1.2415933781686372,5.8065720687079825
31/07/2012,566700.0,3.4,165713.34,19.66,-2.5787965616045905,-0.3010341506145542,2.9858564693556744,5.8065720687079825
31/08/2012,566700.0,3.31,165713.34,19.49,-2.6470588235294024,-0.3010341506145542,-0.8646998982706045,5.8065720687079825
30/09/2012,566700.0,3.26,165713.34,18.98,-1.5105740181268978,-0.3010341506145542,-2.616726526423796,5.8065720687079825
31/10/2012,566700.0,3.14,170021.7,18.86,-3.6809815950920144,2.5998872510806903,-0.6322444678609096,5.8065720687079825
30/11/2012,566700.0,2.94,170021.7,18.46,-6.369426751592366,2.5998872510806903,-2.120890774125128,5.8065720687079825
31/12/2012,566700.0,2.67,170021.7,18.26,-9.183673469387754,2.5998872510806903,-1.0834236186348822,5.8065720687079825
31/01/2013,589500.0,2.42,171455.0,19.21,-9.363295880149813,0.8430100393067352,5.202628696604594,4.023292747485452
28/02/2013,589500.0,2.35,171455.0,18.45,-2.8925619834710647,0.8430100393067352,-3.95627277459657,4.023292747485452
31/03/2013,589500.0,2.33,171455.0,18.01,-0.8510638297872353,0.8430100393067352,-2.384823848238471,4.023292747485452
30/04/2013,589500.0,2.48,178659.47,18.06,6.4377682403433445,4.201959697879909,0.27762354247637955,4.023292747485452
31/05/2013,589500.0,2.55,178659.47,17.89,2.8225806451612767,4.201959697879909,-0.9413067552602294,4.023292747485452
30/06/2013,589500.0,2.69,178659.47,17.87,5.490196078431375,4.201959697879909,-0.11179429849077493,4.023292747485452
31/07/2013,589500.0,2.55,181384.71,17.66,-5.204460966542756,1.5253823376952802,-1.175153889199776,4.023292747485452
31/08/2013,589500.0,2.55,181384.71,17.57,-5.204460966542756,1.5253823376952802,-0.5096262740656887,4.023292747485452
30/09/2013,589500.0,2.5,181384.71,17.6,-1.9607843137254832,1.5253823376952802,0.17074558907228532,4.023292747485452
31/10/2013,589500.0,2.47,182593.82,17.46,-1.19999999999999,0.6665997371002375,-0.7954545454545436,4.023292747485452
30/11/2013,589500.0,2.39,182593.82,17.41,-3.238866396761131,0.6665997371002375,-0.286368843069873,4.023292747485452
31/12/2013,589500.0,2.47,182593.82,17.63,3.347280334728042,0.6665997371002375,1.2636415852957938,4.023292747485452
31/01/2014,616000.0,2.46,187794.88,18.22,-0.4048582995951455,2.8484315624701884,3.346568349404433,4.495335029686176
28/02/2014,616000.0,2.46,187794.88,17.68,-0.4048582995951455,2.8484315624701884,-2.9637760702524663,4.495335029686176
31/03/2014,616000.0,2.61,187794.88,17.45,6.0975609756097615,2.8484315624701884,-1.300904977375572,4.495335029686176
30/04/2014,616000.0,2.72,188827.14,17.19,4.214559386973193,0.5496741977204067,-1.4899713467048548,4.495335029686176
31/05/2014,616000.0,2.66,188827.14,17.23,-2.2058823529411797,0.5496741977204067,0.23269342641070168,4.495335029686176
30/06/2014,616000.0,2.65,188827.14,17.41,-0.375939849624074,0.5496741977204067,1.044689495066753,4.495335029686176
31/07/2014,616000.0,2.83,192122.93,17.23,6.792452830188678,1.7454005817172158,-1.0338885697874778,4.495335029686176
31/08/2014,616000.0,2.88,192122.93,17.1,1.7667844522968101,1.7454005817172158,-0.7544979686593067,4.495335029686176
30/09/2014,616000.0,2.73,192122.93,17.28,-5.208333333333326,1.7454005817172158,1.0526315789473717,4.495335029686176
31/10/2014,616000.0,2.88,194158.04,17.06,5.494505494505497,1.0592749132027235,-1.2731481481481621,4.495335029686176
30/11/2014,616000.0,3.19,194158.04,17.08,10.763888888888884,1.0592749132027235,0.11723329425556983,4.495335029686176
31/12/2014,616000.0,3.19,194158.04,16.7,10.763888888888884,1.0592749132027235,-2.2248243559718883,4.495335029686176
31/01/2015,644350.0,3.16,195568.48,17.75,-0.940438871473348,0.7264391420515048,6.287425149700598,4.602272727272738
28/02/2015,644350.0,3.49,195568.48,17.36,10.443037974683556,0.7264391420515048,-2.1971830985915486,4.602272727272738
31/03/2015,644350.0,3.63,195568.48,17.4,4.011461318051568,0.7264391420515048,0.23041474654377225,4.602272727272738
30/04/2015,644350.0,3.8,197431.85,17.24,4.683195592286493,0.9527966878916327,-0.919540229885063,4.602272727272738
31/05/2015,644350.0,3.95,197431.85,17.16,3.9473684210526327,0.9527966878916327,-0.46403712296982924,4.602272727272738
30/06/2015,644350.0,3.86,197431.85,17.17,-2.27848101265824,0.9527966878916327,0.05827505827507018,4.602272727272738
31/07/2015,644350.0,4.01,205087.04,16.85,3.886010362694292,3.877383512336019,-1.863715783343045,4.602272727272738
31/08/2015,644350.0,4.16,205087.04,16.84,3.7406483790523692,3.877383512336019,-0.05934718100890635,4.602272727272738
30/09/2015,644350.0,4.52,205087.04,16.88,8.653846153846146,3.877383512336019,0.23752969121140222,4.602272727272738
31/10/2015,644350.0,4.8,206604.63,17.27,6.194690265486735,0.7399736229066534,2.3104265402843716,4.602272727272738
30/11/2015,644350.0,5.25,206604.63,17.6,9.375,0.7399736229066534,1.9108280254777288,4.602272727272738
31/12/2015,644350.0,5.59,206604.63,17.64,6.47619047619048,0.7399736229066534,0.2272727272727204,4.602272727272738
31/01/2016,689455.0,6.08,210525.34,18.63,8.765652951699465,1.8976873848373987,5.612244897959173,7.000077597578946
29/02/2016,689455.0,6.32,210525.34,18.45,3.9473684210526327,1.8976873848373987,-0.9661835748792202,7.000077597578946
31/03/2016,689455.0,6.64,210525.34,18.49,5.063291139240489,1.8976873848373987,0.21680216802166807,7.000077597578946
30/04/2016,689455.0,6.55,214416.87,18.73,-1.3554216867469826,1.8484853177294536,1.2979989183342422,7.000077597578946
31/05/2016,689455.0,6.75,214416.87,19.01,3.053435114503822,1.8484853177294536,1.4949279231180057,7.000077597578946
30/06/2016,689455.0,6.97,214416.87,19.14,3.2592592592592506,1.8484853177294536,0.6838506049447579,7.000077597578946
31/07/2016,689455.0,7.01,217080.17,19.27,0.5738880918221057,1.2421130855981621,0.6792058516196464,7.000077597578946
31/08/2016,689455.0,7.0,217080.17,19.54,-0.14265335235377208,1.2421130855981621,1.4011416709911684,7.000077597578946
30/09/2016,689455.0,6.9,217080.17,19.57,-1.4285714285714235,1.2421130855981621,0.15353121801433556,7.000077597578946
31/10/2016,689455.0,6.62,221759.62,19.84,-4.057971014492756,2.155632179576772,1.37966274910577,7.000077597578946
30/11/2016,689455.0,6.15,221759.62,19.64,-7.099697885196365,2.155632179576772,-1.0080645161290258,7.000077597578946
31/12/2016,689455.0,5.98,221759.62,19.39,-2.764227642276418,2.155632179576772,-1.2729124236252498,7.000077597578946
31/01/2017,737717.0,6.0,225215.42,20.88,0.33444816053511683,1.5583540411910901,7.68437338834449,7.000021756314778
28/02/2017,737717.0,5.91,225215.42,20.03,-1.5000000000000013,1.5583540411910901,-4.070881226053635,7.000021756314778
31/03/2017,737717.0,5.63,225215.42,19.78,-4.737732656514382,1.5583540411910901,-1.248127808287569,7.000021756314778
30/04/2017,737717.0,5.81,227958.51,19.87,3.1971580817051537,1.217984985219922,0.45500505561173465,7.000021756314778
31/05/2017,737717.0,5.44,227958.51,19.78,-6.368330464715999,1.217984985219922,-0.45294413688978796,7.000021756314778
30/06/2017,737717.0,5.16,227958.51,19.47,-5.147058823529416,1.217984985219922,-1.567239635995965,7.000021756314778
31/07/2017,737717.0,4.85,232069.27,19.39,-6.007751937984507,1.8032930641632916,-0.410888546481758,7.000021756314778
31/08/2017,737717.0,4.62,232069.27,18.91,-4.742268041237107,1.8032930641632916,-2.4755028365136655,7.000021756314778
30/09/2017,737717.0,4.49,232069.27,18.87,-2.813852813852813,1.8032930641632916,-0.21152829190903555,7.000021756314778
31/10/2017,737717.0,4.35,235227.8,18.88,-3.118040089086871,1.3610289720823454,0.052994170641218474,7.000021756314778
30/11/2017,737717.0,4.34,235227.8,18.67,-0.22988505747125743,1.3610289720823454,-1.112288135593209,7.000021756314778
31/12/2017,737717.0,4.21,235227.8,18.66,-2.995391705069117,1.3610289720823454,-0.053561863952877875,7.000021756314778
31/01/2018,781242.0,3.88,240660.33,19.25,-7.838479809976251,2.30947617586017,3.161843515541274,5.899958927339344
28/02/2018,781242.0,3.64,240660.33,18.6,-6.185567010309267,2.30947617586017,-3.3766233766233666,5.899958927339344
31/03/2018,781242.0,3.45,240660.33,18.33,-5.219780219780223,2.30947617586017,-1.4516129032258185,5.899958927339344
30/04/2018,781242.0,3.26,245160.6,18.16,-5.507246376811603,1.8699675181198305,-0.9274413529732572,5.899958927339344
31/05/2018,781242.0,3.24,245160.6,17.77,-0.6134969325153228,1.8699675181198305,-2.1475770925110216,5.899958927339344
30/06/2018,781242.0,3.24,245160.6,17.89,-0.6134969325153228,1.8699675181198305,0.6752954417557744,5.899958927339344
31/07/2018,781242.0,3.28,250208.4,18.41,1.2345679012345512,2.058976850276917,2.9066517607601927,5.899958927339344
31/08/2018,781242.0,3.32,250208.4,18.0,1.2195121951219523,2.058976850276917,-2.2270505160238985,5.899958927339344
30/09/2018,781242.0,3.19,250208.4,17.7,-3.915662650602403,2.058976850276917,-1.6666666666666718,5.899958927339344
31/10/2018,781242.0,3.25,251761.67,17.5,1.8808777429467183,0.6207905090316768,-1.1299435028248594,5.899958927339344
30/11/2018,781242.0,3.23,251761.67,17.28,-0.6153846153846176,0.6207905090316768,-1.2571428571428456,5.899958927339344
31/12/2018,781242.0,3.22,251761.67,17.21,-0.3095975232198067,0.6207905090316768,-0.405092592592593,5.899958927339344
31/01/2019,828116.0,3.23,256915.96,18.43,0.31055900621117516,2.0472894066837055,7.0889018012783245,5.999933439318417
28/02/2019,828116.0,3.03,256915.96,17.82,-6.19195046439629,2.0472894066837055,-3.309820944112851,5.999933439318417
31/03/2019,828116.0,3.24,256915.96,17.66,6.930693069306937,2.0472894066837055,-0.8978675645342271,5.999933439318417
30/04/2019,828116.0,3.29,263649.09,17.85,1.5432098765431945,2.62075193771536,1.075877689694238,5.999933439318417
31/05/2019,828116.0,3.3,263649.09,17.08,0.3039513677811412,2.62075193771536,-4.313725490196097,5.999933439318417
30/06/2019,828116.0,3.34,263649.09,16.9,1.21212121212122,2.62075193771536,-1.0538641686182681,5.999933439318417
31/07/2019,828116.0,3.44,268329.98,16.66,2.9940119760479167,1.7754242959837185,-1.4201183431952535,5.999933439318417
31/08/2019,828116.0,3.49,268329.98,15.86,1.4534883720930258,1.7754242959837185,-4.801920768307322,5.999933439318417
30/09/2019,828116.0,3.66,268329.98,15.53,4.871060171919761,1.7754242959837185,-2.080706179066838,5.999933439318417
31/10/2019,828116.0,3.7,271172.98,15.51,1.0928961748633892,1.0595163462539636,-0.12878300064391723,5.999933439318417
30/11/2019,828116.0,3.71,271172.98,15.43,0.2702702702702675,1.0595163462539636,-0.5157962604771082,5.999933439318417
31/12/2019,828116.0,3.78,271172.98,15.54,1.8867924528301883,1.0595163462539636,0.712896953985731,5.999933439318417
31/01/2020,877803.0,3.62,267460.84,16.0,-4.232804232804222,-1.3689195730341441,2.9601029601029616,6.000004830241168
29/02/2020,877803.0,3.61,267460.84,15.63,-0.2762430939226568,-1.3689195730341441,-2.312499999999995,6.000004830241168
31/03/2020,877803.0,3.64,267460.84,15.83,0.8310249307479367,-1.3689195730341441,1.2795905310300615,6.000004830241168
30/04/2020,877803.0,3.24,219471.11,16.59,-10.989010989010984,-17.942712660290773,4.801010739102973,6.000004830241168
31/05/2020,877803.0,2.68,219471.11,15.05,-17.28395061728395,-17.942712660290773,-9.282700421940927,6.000004830241168
30/06/2020,877803.0,2.17,219471.11,15.0,-19.02985074626866,-17.942712660290773,-0.33222591362126463,6.000004830241168
31/07/2020,877803.0,2.21,245489.82,14.95,1.8433179723502224,11.85518677150721,-0.33333333333334103,6.000004830241168
31/08/2020,877803.0,2.15,245489.82,15.13,-2.714932126696834,11.85518677150721,1.2040133779264384,6.000004830241168
30/09/2020,877803.0,2.33,245489.82,14.48,8.372093023255811,11.85518677150721,-4.296100462656971,6.000004830241168
31/10/2020,877803.0,2.23,266049.23,14.25,-4.29184549356224,8.374852366586927,-1.5883977900552515,6.000004830241168
30/11/2020,877803.0,1.96,266049.23,14.25,-12.107623318385652,8.374852366586927,-1.5883977900552515,6.000004830241168
31/12/2020,877803.0,1.88,266049.23,14.17,-4.081632653061229,8.374852366586927,-0.5614035087719293,6.000004830241168
31/01/2021,908526.0,1.78,280108.42,14.69,-5.319148936170204,5.284431757235297,3.669724770642202,3.4999880383183912
28/02/2021,908526.0,1.74,280108.42,13.96,-2.2471910112359605,5.284431757235297,-4.969366916269557,3.4999880383183912
31/03/2021,908526.0,1.67,280108.42,13.66,-4.0229885057471275,5.284431757235297,-2.148997134670494,3.4999880383183912
30/04/2021,908526.0,1.99,281291.14,13.55,19.16167664670658,0.4222365039937115,-0.8052708638360162,3.4999880383183912
31/05/2021,908526.0,2.79,281291.14,13.7,40.201005025125625,0.4222365039937115,1.1070110701106861,3.4999880383183912
30/06/2021,908526.0,3.36,281291.14,13.9,20.430107526881724,0.4222365039937115,1.4598540145985384,3.4999880383183912
31/07/2021,908526.0,3.6,305250.89,14.28,7.14285714285714,8.5177762797648,2.7338129496402797,3.4999880383183912
31/08/2021,908526.0,3.91,305250.89,14.38,8.611111111111104,8.5177762797648,0.7002801120448376,3.4999880383183912
30/09/2021,908526.0,3.79,305250.89,14.36,-3.069053708439895,8.5177762797648,-0.13908205841447474,3.4999880383183912
31/10/2021,908526.0,3.69,325983.56,14.42,-2.638522427440637,6.792009680954569,0.41782729805013297,3.4999880383183912
30/11/2021,908526.0,4.17,325983.56,14.86,13.008130081300816,6.792009680954569,3.051317614424409,3.4999880383183912
31/12/2021,908526.0,4.42,325983.56,15.18,5.995203836930463,6.792009680954569,2.153432032301472,3.4999880383183912
31/01/2022,1000000.0,5.55,345379.03,16.77,25.565610859728505,5.949830721524729,10.474308300395263,10.068396501586086
28/02/2022,1000000.0,6.45,345379.03,16.57,16.216216216216228,5.949830721524729,-1.1926058437686349,10.068396501586086
31/03/2022,1000000.0,6.93,345379.03,16.85,7.441860465116279,5.949830721524729,1.6898008449004243,10.068396501586086
30/04/2022,1000000.0,7.67,364450.23,18.35,10.678210678210686,5.521817581107902,8.902077151335309,10.068396501586086
31/05/2022,1000000.0,8.02,364450.23,19.11,4.563233376792697,5.521817581107902,4.141689373296997,10.068396501586086
30/06/2022,1000000.0,8.41,364450.23,19.84,4.862842892768082,5.521817581107902,3.8199895342752477,10.068396501586086
31/07/2022,1000000.0,8.82,380815.08,21.45,4.875148632580273,4.490283899669922,8.114919354838701,10.068396501586086
31/08/2022,1000000.0,9.41,380815.08,23.2,6.689342403628107,4.490283899669922,8.158508158508159,10.068396501586086
30/09/2022,1000000.0,10.04,380815.08,24.37,6.695005313496272,4.490283899669922,5.043103448275876,10.068396501586086
31/10/2022,1000000.0,10.84,380434.66,25.99,7.968127490039856,-0.09989625410843361,6.647517439474759,10.068396501586086
30/11/2022,1000000.0,11.09,380434.66,27.1,2.306273062730635,-0.09989625410843361,4.270873412851106,10.068396501586086
31/12/2022,1000000.0,11.55,380434.66,28.71,4.147880973850326,-0.09989625410843361,5.940959409594093,10.068396501586086
31/01/2023,1160000.0,11.84,394716.61,30.84,2.510822510822508,3.7541137813258185,7.419017763845348,15.999999999999993
28/02/2023,1160000.0,12.16,394716.61,29.95,2.7027027027026973,3.7541137813258185,-2.8858625162127116,15.999999999999993
31/03/2023,1160000.0,12.41,394716.61,29.69,2.0559210526315708,3.7541137813258185,-0.8681135225375614,15.999999999999993
30/04/2023,1160000.0,12.2,393428.22,29.3,-1.692183722804197,-0.3264088633108231,-1.3135735938026305,15.999999999999993
31/05/2023,1160000.0,11.88,393428.22,28.39,-2.6229508196721207,-0.3264088633108231,-3.1058020477815695,15.999999999999993
30/06/2023,1160000.0,11.62,393428.22,27.94,-2.1885521885522063,-0.3264088633108231,-1.585065163790067,15.999999999999993
31/07/2023,1160000.0,11.27,396105.19,27.64,-3.0120481927710774,0.6804214501949124,-1.0737294201861203,15.999999999999993
31/08/2023,1160000.0,10.85,396105.19,26.36,-3.7267080745341574,0.6804214501949124,-4.630969609261948,15.999999999999993
30/09/2023,1160000.0,10.34,396105.19,26.39,-4.70046082949308,0.6804214501949124,0.11380880121396597,15.999999999999993
31/10/2023,1160000.0,9.91,400311.97,26.68,-4.158607350096711,1.0620360717818356,1.098901098901095,15.999999999999993
30/11/2023,1160000.0,9.84,400311.97,26.18,-0.7063572149344166,1.0620360717818356,-1.874062968515744,15.999999999999993
31/12/2023,1160000.0,9.46,400311.97,26.08,-3.861788617886164,1.0620360717818356,-0.381970970206269,15.999999999999993
31/01/2024,1300000.0,8.68,409841.13,24.96,-8.245243128964075,2.380433440448959,-4.294478527607348,12.06896551724137
29/02/2024,1300000.0,8.07,409841.13,23.57,-7.027649769585242,2.380433440448959,-5.568910256410254,12.06896551724137
31/03/2024,1300000.0,7.64,409841.13,23.29,-5.328376703841398,2.380433440448959,-1.1879507848960635,12.06896551724137
30/04/2024,1300000.0,7.33,421222.64,23.12,-4.057591623036649,2.7770541233867796,-0.7299270072992581,12.06896551724137
31/05/2024,1300000.0,7.17,421222.64,22.25,-2.182810368349253,2.7770541233867796,-3.7629757785467177,12.06896551724137
30/06/2024,1300000.0,7.1,421222.64,22.12,-0.9762900976290179,2.7770541233867796,-0.584269662921344,12.06896551724137
31/07/2024,1300000.0,6.74,429775.49,21.6,-5.070422535211261,2.0304820272718516,-2.3508137432188048,12.06896551724137
31/08/2024,1300000.0,6.26,429775.49,21.03,-7.121661721068251,2.0304820272718516,-2.6388888888888906,12.06896551724137
30/09/2024,1300000.0,6.18,429775.49,20.93,-1.2779552715655007,2.0304820272718516,-0.4755111745126106,12.06896551724137
31/10/2024,1300000.0,5.91,445607.92,20.3,-4.3689320388349495,3.683883880860672,-3.0100334448160515,12.06896551724137
30/11/2024,1300000.0,5.63,445607.92,20.21,-4.737732656514382,3.683883880860672,-0.4433497536945774,12.06896551724137
31/12/2024,1300000.0,5.45,445607.92,19.58,-3.1971580817051426,3.683883880860672,-3.117268678871854,12.06896551724137
31/01/2025,1423500.0,5.49,452132.02,19.65,0.7339449541284404,1.4640897765012983,0.3575076608784533,9.499999999999996
28/02/2025,1423500.0,5.42,452132.02,19.4,-1.2750455373406244,1.4640897765012983,-1.2722646310432517,9.499999999999996
31/03/2025,1423500.0,5.3,452132.02,19.35,-2.2140221402214055,1.4640897765012983,-0.2577319587628746,9.499999999999996
30/04/2025,1423500.0,5.34,,19.51,0.7547169811320753,1.4640897765012983,0.8268733850129273,9.499999999999996
31/05/2025,1423500.0,5.25,,19.29,-1.6853932584269593,1.4640897765012983,-1.1276268580215354,9.499999999999996
30/06/2025,1423500.0,5.12,,19.06,-2.4761904761904763,1.4640897765012983,-1.192327630896839,9.499999999999996
31/07/2025,1423500.0,,,,-2.4761904761904763,1.4640897765012983,-1.192327630896839,9.499999999999996
31/08/2025,1423500.0,,,,-2.4761904761904763,1.4640897765012983,-1.192327630896839,9.499999999999996
30/09/2025,1423500.0,,,,-2.4761904761904763,1.4640897765012983,-1.192327630896839,9.499999999999996
31/10/2025,1423500.0,,,,-2.4761904761904763,1.4640897765012983,-1.192327630896839,9.499999999999996
30/11/2025,1423500.0,,,,-2.4761904761904763,1.4640897765012983,-1.192327630896839,9.499999999999996
31/12/2025,1423500.0,,,,-2.4761904761904763,1.4640897765012983,-1.192327630896839,9.499999999999996
